Date,Habit,Status
2026-01-01,Exercise,Done
2026-01-01,Read 30 Minutes,Done
2026-01-01,Drink Water,Done
2026-01-02,Exercise,Done
2026-01-02,Read 30 Minutes,Missed
2026-01-02,Drink Water,Done
2026-01-03,Exercise,Missed
2026-01-03,Read 30 Minutes,Done
2026-01-03,Drink Water,Done
2026-01-04,Exercise,Done
2026-01-04,Read 30 Minutes,Done
2026-01-04,Drink Water,Missed
2026-01-05,Exercise,Done
2026-01-05,Read 30 Minutes,Done
2026-01-05,Drink Water,Done
2026-01-06,Exercise,Done
2026-01-06,Read 30 Minutes,Done
2026-01-06,Drink Water,Done
2026-01-07,Exercise,Missed
2026-01-07,Read 30 Minutes,Done
2026-01-07,Drink Water,Done
2026-01-08,Exercise,Done
2026-01-08,Read 30 Minutes,Done
2026-01-08,Drink Water,Done
2026-01-09,Exercise,Done